{
  "benign": {
    "count": 5000,
    "feature_means": [
      0.0,
      0.0,
      0.0,
      0.0,
      0.0,
      0.0,
      0.0,
      0.0,
      2.6648,
      1.6742,
      2.6648,
      1.1544,
      0.006,
      0.9025751486210336,
      0.4361215602759615,
      0.14887497384641493,
      0.2664799999999995,
      0.13323999999999975,
      134.33093200000005,
      1.0,
      0.0,
      1000.0,
      0.0,
      0.0,
      0.0,
      0.0,
      0.0,
      0.0,
      4.1984,
      2.0992,
      1.385,
      0.0,
      0.0,
      0.0,
      0.0,
      0.0,
      1.6742,
      0.425,
      1.6742,
      1.998,
      1.1544,
      0.5008400000000002,
      0.0
    ],
    "feature_stds": [
      0.0,
      0.0,
      0.0,
      0.0,
      0.0,
      0.0,
      0.0,
      0.0,
      1.4902486235524632,
      0.9648079394366744,
      1.4902486235524632,
      0.9607084052926708,
      0.10565983153498174,
      9.410158368774075,
      6.299629044001283,
      0.08728742785972883,
      0.1490248623552503,
      0.07451243117762515,
      99.59483845766636,
      0.0,
      0.0,
      0.0,
      0.0,
      0.0,
      0.0,
      0.0,
      0.0,
      0.0,
      3.3577131265193847,
      1.6788565632596923,
      0.663004524871409,
      0.0,
      0.0,
      0.0,
      0.0,
      0.0,
      0.9648079394366744,
      1.5846687350989601,
      0.9648079394366744,
      1.3914007330744111,
      0.9607084052926708,
      0.015852267976538454,
      0.0
    ],
    "type_distribution": {
      "nft_mint": 376,
      "token_transfer": 1194,
      "dex_swap": 1038,
      "staking": 337,
      "dex_add_liquidity": 267,
      "lending_deposit": 431,
      "lending_borrow": 258,
      "governance_vote": 101,
      "bridge_deposit": 239,
      "simple_transfer": 759
    }
  },
  "attacks": {
    "count": 250,
    "feature_means": [
      0.416,
      0.416,
      0.416,
      3471.892884395985,
      0.416,
      0.416,
      0.1,
      0.416,
      26.848,
      5.732,
      26.848,
      14.248,
      7.408,
      694.9974241943885,
      31.056902515502806,
      1.228466447325667,
      2.6848000000000005,
      1.3424000000000003,
      1499.363308000002,
      1.0,
      0.0,
      1000.0,
      0.0,
      0.0,
      0.0,
      0.08,
      0.776,
      0.68,
      31.616,
      23.0,
      6.512,
      1.876,
      0.0,
      0.0,
      1.06,
      0.08,
      8.272,
      14.728,
      8.272,
      5.0,
      14.248,
      0.701600000000001,
      0.0
    ],
    "feature_stds": [
      0.49289349762398077,
      0.49289349762398077,
      0.49289349762398077,
      15002.895754957037,
      0.49289349762398077,
      0.49289349762398077,
      0.3000000000000001,
      0.49289349762398077,
      12.76279342463866,
      3.8580015552096403,
      12.76279342463866,
      12.205019295355491,
      5.618677424447856,
      1862.3755687403675,
      100.90980771085371,
      0.44348305181108993,
      1.2762793424638663,
      0.6381396712319332,
      1235.2595836617522,
      0.0,
      0.0,
      0.0,
      0.0,
      0.0,
      0.0,
      0.27129319932500995,
      0.41692205506545255,
      0.466476151587625,
      17.108025718942535,
      20.467730699811348,
      4.627078559955515,
      1.735691216777914,
      0.0,
      0.0,
      0.8345058418010038,
      0.27129319932500995,
      4.108286260717478,
      19.844344685577298,
      4.108286260717478,
      0.0,
      12.205019295355491,
      0.14084544721076367,
      0.0
    ],
    "type_distribution": {
      "infinite_mint": 6,
      "reentrancy": 37,
      "price_manipulation": 24,
      "flash_loan_attack": 71,
      "oracle_manipulation": 29,
      "donation_attack": 9,
      "sandwich_attack": 65,
      "governance_attack": 9
    }
  },
  "config": {
    "n_benign": 5000,
    "n_attacks": 250,
    "seed": 42
  }
}